Nucleotide change per gene from https://www.pharmvar.org,27126_27127insT,19381G>A,14685G>A,6981A>G,3699C>T
Effect on protein (NP_000768.1),p.T346fs,p.A337T,splicing defect,splicing defect,p.R28C
"Position at NC_000007.14 (Homo sapiens chromosome 7, GRCh38.p2)",g.99652771dup,g.99660516C>T,g.99665212C>T,g.99672916T>C,g.99676198G>A
Position at NG_007938.2 (CYP3A5 RefSeqGene),g.32228dup,g.24483G>A,g.19787G>A,g.12083A>G,g.8801C>T
rsID,rs41303343,rs28383479,rs10264272,rs776746,rs55817950
CYP3A5 Allele,,,,,
*1,A,C,C,T,G
*3,,,,C,
*6,,,T,,
*7,AA,,,,
*8,,,,,A
*9,,T,,,
